{"train_loss": [33.475024312734604, 20.373867213726044, 19.02217100933194, 12.859714318066835, 19.71403237245977, 9.772991348057985, 9.007403986062855, 6.67785984929651, 8.435030442662537, 8.424546585651115, 4.494958217255771, 7.8248681938275695, 4.716807904653251, 10.5003815011587, 6.3113970356062055, 6.598893813788891, 5.0982478517107666, 3.1050753097515553, 1.2539409376913682, 1.6768821679288521], "train_acc": [0.7418032786885246, 0.860655737704918, 0.8852459016393442, 0.9016393442622951, 0.8811475409836066, 0.9344262295081968, 0.9426229508196722, 0.9672131147540983, 0.9508196721311475, 0.9549180327868853, 0.9836065573770492, 0.9426229508196722, 0.9795081967213115, 0.930327868852459, 0.9795081967213115, 0.9549180327868853, 0.9754098360655737, 0.9877049180327869, 0.9959016393442623, 0.9918032786885246], "val_acc": [0.8113207547169812, 0.8679245283018868, 0.7924528301886793, 0.7735849056603774, 0.8113207547169812, 0.8679245283018868, 0.9056603773584906, 0.8867924528301887, 0.9433962264150944, 0.8113207547169812, 0.9056603773584906, 0.8113207547169812, 0.9433962264150944, 0.9433962264150944, 0.9433962264150944, 0.8113207547169812, 0.7169811320754716, 0.8679245283018868, 0.8679245283018868, 0.9056603773584906]}